Collection,Dataset,Label,Embedding,NCA Score
wut,x2,0,Base,"{'ar': 0.6882872342370341, 'r': 0.8595238095238096, 'fm': 0.7951855144568276, 'afm': 0.6882935462285218, 'mi': 0.806653849621837, 'nmi': 0.7495519545020478, 'ami': 0.7455077928160847, 'npa': 0.8375000000000001, 'psi': 0.7417149159084644, 'spsi': 0.7384863523573202, 'nca': 0.8700000000000001}",0.8700000000000001
wut,x2,0,PCA,"{'ar': 0.6882872342370341, 'r': 0.8595238095238096, 'fm': 0.7951855144568276, 'afm': 0.6882935462285218, 'mi': 0.806653849621837, 'nmi': 0.7495519545020478, 'ami': 0.7455077928160847, 'npa': 0.8375000000000001, 'psi': 0.7417149159084644, 'spsi': 0.7384863523573202, 'nca': 0.8700000000000001}",0.8700000000000001
wut,x2,0,t-SNE,"{'ar': 0.6882872342370341, 'r': 0.8595238095238096, 'fm': 0.7951855144568276, 'afm': 0.6882935462285218, 'mi': 0.806653849621837, 'nmi': 0.7495519545020478, 'ami': 0.7455077928160847, 'npa': 0.8375000000000001, 'psi': 0.7417149159084644, 'spsi': 0.7384863523573202, 'nca': 0.8700000000000001}",0.8700000000000001
wut,x2,1,Base,"{'ar': 0.6860113896866956, 'r': 0.8719887955182073, 'fm': 0.7777535064276708, 'afm': 0.6903861523094433, 'mi': 1.0187221082553575, 'nmi': 0.7523554576331947, 'ami': 0.7417569770964927, 'npa': 0.625, 'psi': 0.2730658898713009, 'spsi': 0.24883475286701096, 'nca': nan}",0.3790322580645161
wut,x2,1,PCA,"{'ar': 0.6860113896866956, 'r': 0.8719887955182073, 'fm': 0.7777535064276708, 'afm': 0.6903861523094433, 'mi': 1.0187221082553575, 'nmi': 0.7523554576331947, 'ami': 0.7417569770964927, 'npa': 0.625, 'psi': 0.2730658898713009, 'spsi': 0.24883475286701096, 'nca': nan}",0.3790322580645161
wut,x2,1,t-SNE,"{'ar': 0.6860113896866956, 'r': 0.8719887955182073, 'fm': 0.7777535064276708, 'afm': 0.6903861523094433, 'mi': 1.0187221082553575, 'nmi': 0.7523554576331947, 'ami': 0.7417569770964927, 'npa': 0.625, 'psi': 0.2730658898713009, 'spsi': 0.24883475286701096, 'nca': nan}",0.3790322580645161
